UserID,Age,Gender,ShippingAddress
1,50,Female,"807 Smith Viaduct
West Michelleview, AR 98665"
2,27,Female,"82437 Theodore Harbors Suite 357
Huntchester, TX 84480"
3,58,Female,"80626 Wall Mall
Williamborough, NJ 03860"
4,51,Male,"856 David Square Suite 953
North Melissa, GU 65810"
5,46,Female,"Unit 5670 Box 7264
DPO AA 77564"
6,46,Female,"744 Jessica Circle
Robinsonberg, FL 12136"
7,55,Male,"46055 Stevens Mountains
Michaelfurt, VA 86255"
8,59,Female,"11533 Gordon Estate Suite 205
Vegachester, AK 57056"
9,27,Male,"8511 Joshua Oval
Watersberg, VA 08803"
10,38,Male,"PSC 9233, Box 1200
APO AP 56767"
11,57,Male,"31168 Harmon Mountain Apt. 019
Davidville, VI 00730"
12,24,Male,"85977 Rose Crossroad Suite 510
Rodriguezshire, PA 76978"
13,56,Male,"677 Donald Run
Millerside, WV 14415"
14,50,Female,"87011 Luna Greens Apt. 479
New Gregory, IN 61533"
15,24,Female,"64637 Alan Mountains Apt. 586
Hickston, CO 04642"
16,29,Female,"USCGC Green
FPO AE 09894"
17,57,Male,"0053 Joseph Fall
New Denise, MO 34857"
18,60,Male,"61920 Johnny Club Suite 895
Johnsonton, PA 14234"
19,21,Female,"32860 Jose Lake
Campbellmouth, MN 53562"
20,31,Male,"5017 Diaz Points
Davidborough, MD 06002"
21,58,Female,"656 Erica Bypass
West Abigailhaven, MS 55379"
22,47,Male,"579 Monroe Circle Suite 274
Christopherport, WA 56104"
23,26,Male,"997 Adam Junctions Apt. 989
Lake Joyce, MS 03091"
24,34,Female,"40089 Cannon Club
Christinashire, OH 59060"
25,31,Male,"549 Brown Stravenue Suite 526
Stephanieshire, VA 67565"
26,38,Male,"414 Brittany Extension Suite 455
North Lisa, VI 75133"
27,39,Male,"57488 Darrell Trafficway
Lindseystad, NY 58837"
28,45,Male,"Unit 4311 Box 8450
DPO AP 45879"
29,37,Female,"446 Thomas Stravenue Apt. 126
Angelaberg, DC 89078"
30,47,Male,"751 James Fort Apt. 298
Lake Calebville, MA 04359"
31,23,Male,"253 Spence Wall Apt. 773
East Margaretport, OR 49499"
32,46,Male,"74726 Derek Knolls
Michaelburgh, PR 29300"
33,52,Male,"USCGC Hammond
FPO AP 31086"
34,36,Male,"89218 Hawkins Prairie Apt. 237
Brooksfurt, LA 67895"
35,29,Male,"879 Vincent Lights
Port Deborahside, NH 16587"
36,55,Female,"Unit 6727 Box 1942
DPO AP 70008"
37,40,Male,"73359 Carlos Underpass Apt. 194
Curtisland, SC 83609"
38,48,Female,"PSC 7490, Box 8966
APO AE 64238"
39,45,Female,"45242 Walker Course Suite 788
North Kaitlinfurt, CO 64226"
40,33,Male,"43300 David Harbors
Michaelborough, NY 55758"
41,58,Male,"590 Matthew Mountain Suite 393
South Anthony, AR 74580"
42,39,Male,"1728 Andrew Squares
Port Julianburgh, UT 72616"
43,51,Female,"03818 Michael Locks
East Seanton, IL 11182"
44,50,Male,"804 Contreras Port
Port Angela, CO 62581"
45,27,Male,"590 Jessica Pike
Port Katherineside, DC 35327"
46,22,Male,"54467 Tanya Ferry Apt. 157
East Derek, WI 65309"
47,39,Male,"54900 Lopez Union
Ramirezside, NE 79408"
48,50,Female,"37046 Quinn Dam
Port Ryanborough, PR 39756"
49,41,Female,"4874 Mary Inlet
Taylormouth, MO 28710"
50,38,Male,"4942 Gutierrez Landing Suite 465
Rothhaven, NJ 68087"
51,55,Male,"88386 Stewart Ports
South Michael, SC 49001"
52,49,Male,"436 Armstrong Creek
North Wayneshire, TX 04487"
53,59,Female,"2984 Denise Mountains Suite 632
Fosterstad, MH 98138"
54,55,Female,"PSC 5547, Box 4547
APO AP 76863"
55,60,Female,"06341 Summer Oval
Lake Michael, CT 80841"
56,59,Male,"128 Cruz Lakes Apt. 445
Garciaborough, TN 15404"
57,23,Male,"45869 Stephanie Centers
Seanfurt, MA 50859"
58,40,Male,"4078 Herbert Landing Apt. 113
East Jameshaven, IA 42585"
59,20,Female,"30642 Montoya Row
New Katherine, DC 14547"
60,36,Female,"813 Jackson Drives
Port Waynemouth, NC 57165"
61,26,Female,"USS Weaver
FPO AP 75305"
62,21,Male,"453 Foster Shores
North Randymouth, AZ 66205"
63,52,Male,"3732 Erickson Branch Suite 186
Allisonhaven, MP 42598"
64,48,Male,"508 Erica Center Apt. 081
South Sarah, WI 83795"
65,33,Male,"7446 Kathryn Loaf Apt. 208
Moralesburgh, MP 04231"
66,54,Female,"38061 Schultz Row
West Courtneymouth, NV 34577"
67,60,Male,"023 Thompson Port
Daniellemouth, AZ 03745"
68,40,Male,"22798 Clark Courts Suite 635
Kathystad, NC 15825"
69,54,Male,"514 Rios Gardens
Lake Mary, GA 76068"
70,46,Female,"23508 Tiffany Harbor Apt. 764
East Isaacview, UT 34492"
71,25,Male,"789 Finley Crest
Port Patriciaside, WY 44978"
72,25,Male,"9542 Valencia Forge
Woodsshire, CT 60535"
73,30,Male,"06381 Michael Passage Apt. 411
Taylorborough, MT 11092"
74,26,Male,"432 Lisa Ports
Anthonychester, TX 87528"
75,56,Female,"390 Christensen Skyway
Lake William, OR 72186"
76,53,Female,"617 Crosby Well Suite 667
Michellebury, MT 74452"
77,39,Male,"900 Lucas Hills
Brianchester, MN 36026"
78,54,Female,"66504 Shelby Road
Conleyburgh, NC 77131"
79,53,Female,"168 Mandy Expressway Apt. 578
North Elizabeth, MD 88172"
80,54,Male,"247 Joseph Lodge Suite 033
East Thomasside, NC 02541"
81,28,Female,"028 Dillon Stream Suite 009
New Christopherborough, TX 22500"
82,34,Male,"PSC 1490, Box 1543
APO AP 74770"
83,22,Female,"798 Burnett Tunnel Apt. 954
Abigailland, NM 42782"
84,48,Female,"81202 Tracey Island Apt. 379
West Christopher, MH 15439"
85,39,Male,"67434 Julia Path
Kaylamouth, OR 36284"
86,20,Male,"16217 Jensen Drives
South Jacob, OK 30732"
87,48,Male,"0186 Chavez Mill Apt. 683
Schwartzberg, VA 56680"
88,23,Male,"429 Thornton Ford Suite 163
North Darrylmouth, NE 90658"
89,36,Male,"8757 Virginia Lights
Harveyton, NH 68824"
90,25,Female,"2555 Randy Parks
Robinsonstad, AZ 16398"
91,37,Male,"1348 Rice Junctions Apt. 483
Davidport, AK 00854"
92,41,Female,"1703 Justin Crest
Mollytown, PA 76898"
93,31,Male,"448 Collins Lakes Apt. 854
Soniachester, PW 19064"
94,51,Male,"3533 Reeves Ford
Port Leslieland, CT 72662"
95,34,Male,"059 Tamara Shores
Lake Kathleenton, GU 33946"
96,37,Female,"905 Brittany Harbor Suite 609
Alexandriatown, IA 59557"
97,48,Male,"51893 Lee Stream Apt. 890
Port Jorgeshire, OR 57087"
98,46,Male,"57483 Cole Rue
South Janetside, NH 00957"
99,60,Female,"492 Vega Cape
Houseland, ID 44839"
100,53,Male,"700 Peterson Light Apt. 848
Reynoldsside, SC 91050"
101,57,Female,"04195 Caldwell Bypass Apt. 412
Port Matthewland, DE 94631"
102,35,Male,"178 Ann Highway Suite 998
Brownville, ME 69040"
103,24,Female,"76841 Butler Knoll Suite 090
Annatown, NJ 40751"
104,50,Female,"120 Ruiz Trace
Walterside, AK 83935"
105,40,Female,"703 Fry Plaza Suite 972
Antonioshire, ND 26359"
106,58,Male,"13527 Jacob Green
Davidborough, MP 97247"
107,32,Female,"6148 Laura Ports Suite 656
North Jennifer, DE 80380"
108,53,Female,"663 Kyle Route
Lake Holly, NC 80553"
109,28,Male,"4426 Dudley Way Suite 504
Port Michaelbury, MI 26504"
110,37,Female,"403 Jill Lodge Apt. 546
Hillmouth, GU 81037"
111,37,Male,"507 Tracy Mount Suite 433
Duncanland, MD 23984"
112,32,Female,"383 Huynh Trail
Kimberlytown, AL 23768"
113,25,Female,"Unit 1791 Box 4739
DPO AE 72166"
114,45,Female,"8651 Smith Coves
West Tammyhaven, MH 02458"
115,41,Male,"Unit 6253 Box 6016
DPO AE 32880"
116,33,Female,"88098 Park Glen
North Sydney, OH 56427"
117,57,Female,"3457 Jennifer Village
West Williammouth, AL 74498"
118,49,Female,"06251 Richard Unions Apt. 120
South Jenniferland, RI 95253"
119,43,Male,"11017 Sullivan Causeway
Coleport, NY 89864"
120,47,Male,"58534 Robert Ranch
Atkinsonstad, VA 01357"
121,26,Male,"563 Lewis Glen Apt. 098
Port Stephen, FM 51290"
122,40,Female,"49171 Elizabeth Forges
East Teresa, PA 19230"
123,37,Male,"36809 Latoya Circles Apt. 187
North Jessicaland, IA 12703"
124,45,Male,"23467 Mallory Drives Suite 326
Vanessaburgh, PA 71735"
125,43,Female,"36361 Christopher Station Suite 100
Jasonton, CT 79415"
126,49,Male,"72303 Susan Parks Apt. 223
Port Jamesport, GU 35188"
127,47,Female,"40656 Williams Lights Apt. 344
Scottberg, OK 47091"
128,32,Male,"5151 Louis Pike Suite 368
Jenniferburgh, IN 13820"
129,36,Female,"9527 Johnson Crossing
Jessicaborough, NH 36821"
130,32,Female,"1381 Scott Prairie
Tracyhaven, ID 56574"
131,24,Female,"26337 Perry Camp
Cookview, OR 26029"
132,21,Male,"01020 Spencer Prairie
Thompsonchester, IL 82078"
133,48,Female,"434 Clark Trail
Joshuafort, NJ 17099"
134,38,Female,"1929 Franco Freeway Apt. 657
Carneyborough, OH 49364"
135,36,Female,"9161 Pearson Flat
Lake Jennifer, FL 34538"
136,57,Female,"268 Lucas Expressway
Lopeztown, GA 44682"
137,47,Female,"20777 George Glens Suite 108
North Andreville, NC 19740"
138,39,Female,"068 Victor Mountains
Justinton, MN 77969"
139,55,Male,"804 Moore Alley
Lake Jodiport, AS 45347"
140,36,Male,"8969 Evan Park
Calvinborough, UT 73923"
141,20,Female,"52434 Campos Fords
West Benjamin, CT 57106"
142,46,Male,"7081 Danielle Landing
East Katieberg, MI 04450"
143,42,Male,"5481 Christine Locks Apt. 297
South Patrick, MH 10013"
144,24,Female,"440 Lewis Turnpike
West Frankland, SC 08862"
145,38,Male,"PSC 9808, Box 2799
APO AE 59294"
146,25,Female,"253 Brown Pine
Peggyfort, AR 49968"
147,26,Female,"239 Kristen Prairie Apt. 587
East Megan, GU 75048"
148,59,Male,"626 Cummings Plains
East Derekside, ID 31784"
149,55,Male,"7185 Riley Fork
Lake Jeffrey, RI 24978"
150,20,Female,"724 Alison Courts
Mooreport, DE 82499"
151,53,Female,"11425 Harris Shore
Lake Lauraborough, IN 62997"
152,58,Female,"65365 Laura Brooks Apt. 830
Lake Christine, OK 04107"
153,22,Female,"563 Michael Ferry
New Kevinborough, MI 40083"
154,46,Female,"1074 Riddle Glens Apt. 757
South Eric, FM 44334"
155,55,Male,"Unit 8313 Box 9236
DPO AA 16413"
156,44,Female,"USS Wilson
FPO AP 31777"
157,54,Male,"55671 Cole Pike Suite 358
North Nicole, WA 33349"
158,32,Male,"008 Patrick Haven
Port Rickyberg, TN 89234"
159,42,Male,"817 Dominguez Mission
New Andrew, WV 15181"
160,24,Female,"776 Kaylee Circle
West Josephfort, NC 01631"
161,33,Male,"86874 Jennifer Parkway
East Christinaville, MH 28063"
162,58,Female,"739 Zachary Islands Suite 864
North Jeffreyshire, OH 28379"
163,28,Female,"98578 Lisa Cliff
Reginaport, WA 89299"
164,47,Female,"6352 Richard Courts Suite 732
North Debraton, CT 86103"
165,41,Female,"8114 Kristy Stravenue
Phillipsbury, NM 92171"
166,50,Female,"4918 Christina Corners Apt. 099
Nicoleburgh, DC 87092"
167,51,Female,"5785 Burton Bridge
Port Sheila, AL 50261"
168,21,Male,"53558 Jeffery Haven
Robinsonstad, FL 31999"
169,52,Male,"7151 Chen Causeway
New Robertton, OR 97450"
170,46,Male,"4745 Dawn Haven
Dixonside, MT 96557"
171,28,Male,"843 Smith Alley
Chadshire, IL 29170"
172,32,Male,"PSC 8639, Box 9938
APO AP 17590"
173,39,Male,"USS Chavez
FPO AA 60332"
174,43,Female,"50483 Sullivan Parkways Suite 544
Port Hector, MH 52342"
175,20,Male,"55351 Fernandez Road Apt. 354
North Randy, CA 85837"
176,22,Male,"166 Jason Harbors Suite 065
North Michael, NY 89619"
177,49,Female,"937 Mary Loaf Apt. 060
North Joseph, NM 27000"
178,38,Female,"11299 Miller Walks
Hayneston, VT 55977"
179,24,Male,"08630 Watson Station
Lindaburgh, MI 82398"
180,29,Female,"422 Crosby Square
South Lynn, AS 23383"
181,57,Male,"10167 John Village Apt. 473
New Michelle, MD 74557"
182,20,Male,"954 Jeffrey Via
Lake Victoria, DE 25547"
183,56,Female,"347 Amanda Pike Suite 868
North Markmouth, GU 23458"
184,26,Female,"1675 Larry Row Suite 910
North Charles, NE 31823"
185,51,Female,"USCGC Jordan
FPO AP 25824"
186,27,Female,"USS Crawford
FPO AE 95021"
187,31,Female,"9746 Katie Forks
South Kimstad, NJ 39403"
188,22,Male,"Unit 0365 Box 7858
DPO AE 73658"
189,44,Male,"4493 Cindy Garden
Romeromouth, ND 54178"
190,41,Female,"0901 Aaron Mountains Suite 855
North Patrickberg, NJ 19540"
191,40,Male,"16327 Weber Ranch
Lake Diana, AK 05559"
192,25,Female,"75862 Page Burg Apt. 020
Patriciaburgh, WI 11052"
193,54,Female,"350 Weaver Village
New Michaelburgh, AS 50992"
194,57,Female,"8031 Davis Well
Fitzgeraldbury, MO 69405"
195,42,Female,"9772 Taylor Crossroad
New Davidstad, NM 79471"
196,57,Male,"7284 Webster Creek
Laurenton, ND 70401"
197,32,Male,"424 Scott Port Suite 352
East Mark, RI 30302"
198,20,Male,"PSC 8201, Box 4076
APO AE 63989"
199,52,Male,"189 Glover Shoals Suite 500
Lake Chrisstad, ND 79906"
200,60,Female,"91738 Cory Place Apt. 821
Coleton, NV 68670"
201,51,Male,"9878 Sanders Bypass
South Leahtown, MO 43532"
202,39,Female,"024 Christopher Ridges Suite 183
South Sarahstad, GU 70373"
203,44,Male,"84457 Ayala Unions Suite 045
Walshland, FM 79101"
204,52,Male,"3789 Allen Ferry
Janeport, MH 65470"
205,27,Female,"3047 Lance Tunnel Apt. 092
East Michaelport, VT 02280"
206,40,Male,"3039 Andrew Squares Apt. 657
South Amyberg, AL 75731"
207,26,Male,"8643 Melissa Isle
Port Davidhaven, DE 54646"
208,25,Female,"326 Alexander Fords
Lake Richardmouth, FL 47745"
209,57,Female,"5897 George Fort
Harrisonberg, MI 44331"
210,24,Male,"23666 Jonathon Square Suite 951
New Jasonborough, MA 94326"
211,25,Male,"Unit 5369 Box 0749
DPO AA 57611"
212,41,Male,"92408 Porter Mountains Apt. 895
Paulview, MH 28605"
213,43,Female,"2190 Wallace Lock Suite 352
Lake Sheilamouth, AS 23897"
214,45,Female,"Unit 8576 Box 6237
DPO AP 66079"
215,34,Male,"6705 David Lakes Apt. 628
Port James, FL 93456"
216,23,Male,"3161 Douglas Fork Suite 803
Greenburgh, VA 07192"
217,45,Male,"62784 Cheryl Village Suite 279
Wandashire, MS 82048"
218,58,Male,"547 James Drives
Williamsside, NJ 96430"
219,27,Male,"4422 Christopher Plain Apt. 201
Lindamouth, IA 62486"
220,44,Male,"Unit 6858 Box 7606
DPO AE 19957"
221,32,Female,"323 Christopher Forest Apt. 438
Karenmouth, CT 41452"
222,46,Female,"69845 Shields Ports
Johnbury, VA 15512"
223,30,Male,"39918 Andrew Drive Apt. 208
North Teresa, OH 09109"
224,38,Female,"19824 Nancy Walk Suite 499
Prestonberg, HI 86373"
225,59,Male,"7134 Jessica Road
Howellland, FM 80593"
226,32,Male,"38056 Ross Turnpike
West Christophershire, ME 91616"
227,28,Male,"875 David Locks
Anthonyside, HI 92581"
228,37,Male,"7764 Hernandez Flat
Jonesfort, WI 98174"
229,59,Male,"0077 Dylan Islands Apt. 024
Gravesburgh, MS 68854"
230,45,Female,"4532 Smith Flats
Edwardfort, NV 18462"
231,49,Male,"320 Shah Inlet
South Jorgemouth, SD 99544"
232,44,Female,"655 Orr Greens
Theresaberg, NJ 46860"
233,52,Female,"081 Rachel Branch
Janettown, CT 36986"
234,22,Male,"1848 Gordon Islands Apt. 476
Robertsontown, NJ 76355"
235,54,Female,"0129 Shields Islands Suite 577
Tuckerfort, NH 94271"
236,55,Female,"32813 Jones Extension
West Brianbury, RI 84021"
237,52,Male,"549 Angel Shoal Suite 535
Gilmoreton, NE 29523"
238,36,Male,"034 Leah Bridge Apt. 130
Gregoryside, AK 04798"
239,20,Female,"93625 Wright Plain
East Jamesmouth, OH 36328"
240,29,Male,"9096 Fisher Port Suite 361
Donnatown, ND 89868"
241,35,Male,"878 Leslie Corner Apt. 114
North Jennifer, AZ 80008"
242,57,Male,"964 Smith Rue Suite 555
South Amber, AZ 25403"
243,60,Female,"07273 Johnson Wells
South Arthurchester, NJ 55738"
244,34,Male,"7162 Jennifer Haven
South Gregory, IA 66059"
245,46,Female,"13979 Brown Burgs
Catherineberg, OH 77611"
246,55,Male,"012 Donald Throughway
North Georgeton, OR 11840"
247,29,Female,"PSC 3883, Box 0535
APO AP 73757"
248,54,Female,"4387 Alyssa Key
Andrewview, WV 93489"
249,50,Male,"USCGC Miller
FPO AP 26867"
250,40,Female,"779 Theodore Locks Apt. 909
North Briana, IN 02289"
251,45,Male,"32859 Smith Hill Suite 861
Evansmouth, MH 48107"
252,36,Female,"PSC 4755, Box 7845
APO AA 98622"
253,22,Female,"4204 Mary Plaza
West Denise, AZ 73838"
254,47,Female,"39869 Campbell Mountain Suite 376
North Timothychester, NH 35969"
255,52,Male,"19627 Abbott Rest Suite 308
Port Erik, OR 20079"
256,33,Female,"443 Powell Village Suite 666
Whitebury, DC 05628"
257,50,Female,"90735 Crosby Parkway Suite 022
Aliceville, OH 49530"
258,38,Male,"7446 Elliott Mount Apt. 680
Brandyburgh, IL 49982"
259,45,Female,"0450 Gordon Avenue
Wallacechester, MH 72943"
260,24,Female,"980 Brandi Causeway Apt. 450
Lake Joshuashire, PR 93917"
261,41,Female,"9763 Stacey Unions
Griffinstad, AS 78214"
262,33,Male,"PSC 6973, Box 6262
APO AE 39669"
263,50,Male,"652 Brown Villages
South Jennifer, SC 56298"
264,36,Male,"97451 Sheryl Hill
Pattonhaven, NH 33087"
265,59,Male,"48289 Amy Trafficway
East John, GU 04859"
266,28,Female,"PSC 7871, Box 6810
APO AP 46635"
267,59,Male,"54115 Paul Plaza
Port Deborahstad, MH 44976"
268,30,Female,"802 Anthony Parkway Suite 388
Port Keithside, PR 03503"
269,60,Male,"USNS Alexander
FPO AE 56329"
270,36,Male,"378 Harris Burgs
Davidville, AK 52563"
271,40,Male,"Unit 9488 Box 2977
DPO AP 24712"
272,32,Male,"710 Linda Pines Suite 438
North Melissaberg, WY 43693"
273,35,Male,"PSC 7710, Box 3950
APO AE 79700"
274,33,Female,"0717 Wallace Rapids Suite 393
Santostown, FM 45108"
275,40,Female,"811 Ronald Rapids
Lloydfurt, AK 28633"
276,52,Female,"92700 Carter Mews Apt. 201
Port Ericchester, PR 06423"
277,38,Female,"29686 Amber Rapids Suite 182
Port Williamfurt, AR 24855"
278,50,Male,"68400 Deborah Trafficway
Lake Aaron, CT 67920"
279,50,Male,"732 Joanna Stravenue Apt. 939
New Tyler, CO 63316"
280,28,Female,"09863 Cook Loaf
Campbelltown, PA 08375"
281,32,Female,"6113 Mitchell Roads
South Kaitlin, SC 69758"
282,28,Female,"26929 Blackwell Via Apt. 280
Brandonmouth, AZ 31249"
283,54,Female,"17312 Justin Plains
West Paigeview, KS 95449"
284,48,Female,"72285 Hunt Gardens
South Alice, MD 57373"
285,41,Female,"107 Pineda Square
Lake Larry, OK 11910"
286,32,Male,"811 Daugherty Camp
Daleburgh, OH 95987"
287,29,Female,"97871 Hannah Walks Suite 073
Kelliton, CO 11249"
288,39,Female,"2181 Mary Forge
North Justin, WY 71982"
289,25,Male,"56419 Stephanie Plains Apt. 690
Penaberg, NC 01659"
290,36,Male,"769 Holt Gateway
South Hannahborough, MS 59732"
291,32,Male,"782 William Turnpike Apt. 116
South Mark, PA 67383"
292,50,Male,"5630 Rojas Street
New Valeriehaven, GU 75270"
293,33,Female,"3297 Davidson Squares
East Jenniferport, RI 44489"
294,26,Male,"691 Victoria Ways Apt. 114
West Georgeland, MT 36582"
295,20,Female,"0506 Daniel Knoll Suite 086
New Philip, AL 58689"
296,49,Male,"Unit 3884 Box 8437
DPO AA 69270"
297,28,Male,"210 Buchanan Gateway Apt. 024
Port Angela, IN 69363"
298,24,Female,"11759 Freeman Crest
Lake Curtisville, NM 48908"
299,39,Male,"908 Lisa Streets Suite 770
New Brianbury, SC 48342"
300,23,Female,"704 Jessica Well Suite 814
Erikashire, MN 99098"
301,49,Female,"99451 Joyce Trail
North Sierrafort, FL 06740"
302,25,Male,"913 Jacob Bridge
Bradleytown, ID 79140"
303,46,Female,"7785 Sampson Well
Stephaniefurt, OH 87612"
304,60,Male,"234 Frederick Summit
Vaughanview, GU 55259"
305,35,Male,"321 Thomas Bridge Apt. 658
Brandonton, MO 70020"
306,44,Male,"88784 Sharon Island
New Robert, SC 63118"
307,26,Male,"89302 Margaret Centers Suite 602
West Amandamouth, PA 56915"
308,39,Male,"7609 Matthew Forge
Barbarastad, MP 98209"
309,40,Female,"38352 Catherine Islands Suite 132
North Robertfort, CA 03422"
310,57,Female,"93864 Perez Garden Suite 561
East Kimberly, AR 72606"
311,29,Female,"7356 Daniel Overpass Apt. 319
Lake William, KS 41136"
312,57,Male,"11458 Mary Motorway Apt. 894
North Sandra, KY 89144"
313,54,Male,"317 Anderson Glens Apt. 010
South Davidtown, AZ 95488"
314,55,Male,"5590 Kathleen River
Martinezton, WV 19732"
315,41,Male,"9545 Weaver Dale
Brendaburgh, OR 06786"
316,39,Male,"357 David Cliff
Lake Cheryl, MT 47285"
317,22,Female,"463 Dillon Forge
Ryanchester, LA 11477"
318,59,Male,"0446 Alexander Spurs Apt. 782
Vickishire, GU 04979"
319,24,Male,"487 Robertson Courts Suite 145
Nicholsbury, VT 13789"
320,50,Female,"46113 Jones Walks
Youngfort, KS 61679"
321,51,Female,"277 Amber Landing Apt. 760
South Lynn, NH 09143"
322,49,Male,"PSC 1945, Box 8750
APO AE 21408"
323,20,Female,"04950 Richard Tunnel
North Erin, ND 53097"
324,42,Male,"16042 Munoz Ridges
Michaelmouth, RI 56560"
325,37,Female,"67052 Stephanie Harbors
West Michelemouth, PW 88195"
326,29,Female,"7836 Nash Road
Amyton, AZ 30101"
327,47,Male,"7771 Lewis Rest
East Matthewmouth, AR 77800"
328,43,Female,"2672 Hatfield Stream
North Brandon, TN 04023"
329,55,Male,"210 Amy Corner Apt. 909
West Sarachester, AK 56548"
330,58,Male,"5814 Adam Summit
Sabrinaland, DC 55757"
331,49,Female,"631 Samantha Cape Apt. 922
Jasonview, RI 13016"
332,29,Female,"106 Bradley Trace
Hicksburgh, OH 76134"
333,24,Female,"88130 Welch Extension Suite 193
New Stephanie, TN 40121"
334,49,Male,"13677 Miller Gateway Apt. 983
Lake Tammymouth, HI 79407"
335,46,Male,"2059 Smith Underpass
Michellefort, NC 77127"
336,41,Male,"Unit 8429 Box 1944
DPO AE 91194"
337,48,Female,"4634 Stewart Turnpike
Port Catherine, SC 27564"
338,41,Female,"956 Wallace Point
Hendersonville, KS 63386"
339,51,Male,"983 Nina Mission Suite 408
Zacharybury, FM 55333"
340,31,Male,"PSC 5184, Box 2438
APO AP 78130"
341,25,Female,"351 George Extensions
Johnsonchester, IN 04524"
342,39,Female,"155 Adam Cape Apt. 119
North Ronaldfort, IL 11820"
343,52,Female,"63922 Victoria Spring Suite 628
North Lori, AZ 67719"
344,40,Male,"244 Thomas Ford Suite 331
Lake Michael, OR 00982"
345,31,Male,"39668 Neil Course
South Jessicaview, AS 09458"
346,37,Female,"123 Nancy Ways
New Reginashire, GA 54922"
347,43,Female,"62878 Michael Prairie
Port Jason, WI 40041"
348,21,Male,"38261 Molina Path Suite 978
Mariahfurt, VI 73849"
349,38,Male,"0125 Christopher Center Suite 518
New Jacob, WA 92122"
350,53,Male,"Unit 7386 Box 7766
DPO AE 46082"
351,29,Female,"271 Barbara Greens Suite 921
West Mirandaville, GU 90088"
352,50,Female,"9114 Katrina Valleys Suite 478
East Andrew, MA 55466"
353,54,Female,"Unit 8971 Box 0098
DPO AE 99589"
354,32,Male,"79201 Brown Grove
Maryfort, MN 99777"
355,56,Male,"471 Johnson Flat Suite 731
South Timothy, NY 41741"
356,22,Male,"045 Nelson Trail Suite 096
South David, DE 58537"
357,59,Male,"0220 Edwards Shore
Joshuaville, WA 07405"
358,47,Male,"4749 Jones Shoal Apt. 548
Kellychester, AS 18228"
359,37,Female,"52745 Torres Mall
Port Nataliefurt, VI 85980"
360,42,Male,"USCGC Kelley
FPO AE 16656"
361,23,Female,"723 Castro Meadow
Port Jessica, MH 88749"
362,25,Female,"7478 Nguyen Glens
South Robert, NC 84613"
363,31,Female,"3163 Garcia Harbors Apt. 564
Lake Davidfurt, NV 05127"
364,43,Male,"398 Munoz Camp Apt. 740
North Alex, VA 62074"
365,52,Male,"0907 Gonzalez Fords
Mcknightmouth, NV 50384"
366,59,Female,"USNV Aguilar
FPO AA 46646"
367,34,Male,"436 Brianna Shore Apt. 993
West Ralph, MD 91662"
368,55,Female,"826 Eric Locks Apt. 766
Robertborough, IL 14631"
369,33,Male,"1151 Mathis Court
Paulfurt, ND 62643"
370,25,Male,"38635 Russell Groves
New Wendytown, NJ 94606"
371,53,Male,"50960 Rios Station
North Chris, RI 90710"
372,50,Male,"178 Martinez Port
South Hannahshire, FL 39071"
373,52,Male,"794 Moore Plaza Suite 616
East Scottburgh, MD 54657"
374,53,Female,"29276 Williams Field Apt. 631
Burnsborough, NM 43485"
375,21,Male,"677 William Overpass Suite 643
Johnville, MN 53096"
376,28,Female,"347 Todd Falls Suite 549
Jonesfort, IL 20312"
377,49,Male,"058 Lauren Canyon
North Mark, KY 29193"
378,49,Female,"147 Alexis Vista Suite 082
Brownborough, NM 43906"
379,22,Female,"470 Charles Locks
West Dustin, OR 02845"
380,47,Male,"856 Emily Vista
West Elizabeth, GU 87291"
381,30,Female,"222 Snow Mills
Lake Randymouth, VT 97462"
382,28,Male,"1740 James Court
Jessicaland, MS 18733"
383,43,Male,"USNV Allen
FPO AE 77997"
384,42,Female,"09618 Leon Run
East Mary, MD 58139"
385,43,Female,"7598 Shaw Squares
Torreschester, WY 15317"
386,47,Male,"7158 Humphrey Via
South Christopherville, IL 86499"
387,50,Male,"97997 Daniel Rue Suite 933
North Robertchester, CT 54448"
388,57,Male,"98713 William Brooks Apt. 952
Lake Meganmouth, AR 49644"
389,53,Male,"39611 Browning Glens
Rebekahberg, AZ 10641"
390,21,Male,"8750 Drake Stravenue Apt. 189
West Sharon, AL 67793"
391,28,Male,"78373 Bell Club Suite 897
South Glendaland, NV 92393"
392,52,Male,"1107 Evans Dam Apt. 606
Davisport, MH 75287"
393,31,Female,"49442 Glenn Pike Suite 051
Martinhaven, DC 56645"
394,39,Male,"04728 Clay Drives Suite 837
Cookbury, WY 45747"
395,29,Male,"14991 Martinez Curve
Port Jeromechester, VT 92863"
396,49,Female,"2717 Pierce Parkways
Tylerfurt, MA 83375"
397,57,Female,"63289 Ashley Streets
Port Markmouth, WV 22180"
398,23,Female,"8338 James Keys Apt. 529
Sarahport, GU 55050"
399,40,Male,"31573 Joshua Gateway Apt. 321
Moralesmouth, DC 35834"
400,52,Female,"85939 Benjamin Land Suite 481
Donovanview, SC 81151"
401,20,Male,"988 Zachary Land
Lake Donaldbury, OH 51357"
402,52,Female,"58411 Andrea Key Suite 750
Port Dennisstad, TN 01167"
403,23,Male,"545 Eric Common
Port Andrea, FM 33749"
404,29,Female,"842 Brian Fort
Elizabethville, NV 07344"
405,40,Female,"32052 Sanchez Turnpike
South Alex, AL 31913"
406,47,Male,"96459 Michael Parks
Lake Codyberg, MD 30003"
407,42,Female,"0821 Franklin Square
Port Travisfort, MP 44454"
408,42,Female,"45001 Yang Mission
Joshuaberg, UT 57460"
409,55,Female,"83981 Stewart Points
Richardsonville, AR 26627"
410,20,Male,"3242 Thomas Village Suite 615
Port Karinafurt, UT 30212"
411,55,Female,"360 Blevins Dam
Jenniferland, FM 48437"
412,24,Male,"79228 Michael Village Suite 510
Perryland, NH 05373"
413,29,Female,"10303 John Course Apt. 363
Michaelborough, KY 62753"
414,59,Female,"46585 Hanson Estates Apt. 029
Port Laurieview, FL 91044"
415,32,Female,"428 Leonard Harbors
Port Ruben, MT 25483"
416,23,Male,"623 Guy Oval Apt. 306
Stephanieton, OR 97657"
417,49,Male,"5927 Christina Shore
Thompsonside, SD 04917"
418,34,Male,"794 French Hill Apt. 742
South Stanleymouth, NC 38190"
419,45,Female,"9434 Moody Crossing
Danielleborough, PR 01045"
420,55,Female,"56542 Anthony Radial
South Angelafurt, DE 61379"
421,52,Female,"289 Brandon Rapids Suite 789
Bradleyburgh, NJ 17434"
422,55,Male,"803 Stephanie Port
North Erinview, OH 69505"
423,27,Female,"65775 Taylor Circle
Port Randytown, AR 12110"
424,22,Female,"228 Billy Court
Silvaland, OH 55851"
425,27,Female,"Unit 8484 Box 4422
DPO AE 78110"
426,21,Female,"0466 Scott Shore
Lake Anthonyfort, TN 78250"
427,23,Female,"PSC 9952, Box 2494
APO AE 61374"
428,30,Female,"981 Dunn Creek
Mackenziestad, MS 11138"
429,42,Female,"947 Thomas Villages Apt. 485
East Joshuatown, AL 80146"
430,43,Female,"158 Baker Villages
Gomezview, HI 37926"
431,45,Male,"887 Stephen Forges
Payneville, OK 25284"
432,36,Female,"USCGC Carlson
FPO AA 74211"
433,49,Female,"197 Brown Haven Suite 104
East Tamaraside, OR 16616"
434,52,Female,"13603 Deleon Summit
Westburgh, UT 10531"
435,48,Female,"16836 Jeffrey Meadow
New Angela, WV 27191"
436,42,Female,"9815 Hobbs Creek
East Dominiqueborough, LA 89942"
437,35,Male,"61124 Rodney Highway
East Codyshire, MN 84019"
438,30,Male,"77472 Olson Trail Apt. 243
Davidville, KS 65527"
439,59,Female,"PSC 8180, Box 9021
APO AP 65723"
440,48,Female,"43937 Davis Land Suite 892
Antonioside, MN 38341"
441,22,Male,"3258 Bennett Green
South Brianna, AZ 18608"
442,46,Female,"7652 Tammy Landing Apt. 653
Sullivanhaven, ME 65995"
443,56,Male,"09957 Williams Mill Suite 280
Sarahaven, AZ 96821"
444,26,Female,"081 Rachel Brooks Suite 284
West Andre, MS 48254"
445,54,Female,"21307 April Shoals
East Tamara, MA 73622"
446,24,Female,"516 Bonilla Pines
Port Monica, NJ 96034"
447,35,Male,"58486 Susan Lane Suite 772
South Dorothy, GA 69529"
448,40,Female,"177 Virginia Walk
Michaelmouth, RI 31677"
449,37,Female,"10245 Young Ridges Suite 864
Garciaton, LA 62783"
450,30,Male,"4805 Laura Meadow
Lake Jordanbury, MP 18589"
451,30,Male,"8690 Hogan Summit
Gregorytown, MA 18382"
452,34,Female,"91333 Stacy Groves
Conradshire, SD 69455"
453,51,Female,"62917 Aguilar Road Apt. 987
Newtonfurt, CO 23706"
454,32,Male,"7874 Clifford Springs Suite 756
Conniefurt, OK 96708"
455,22,Female,"741 Elizabeth Springs
West Marciaside, WY 82336"
456,35,Male,"7345 Andrea Park Suite 866
East Michaelburgh, PW 63652"
457,58,Female,"261 Donna Via
South Deborah, FL 78968"
458,48,Male,"721 Haley Mission
Racheltown, TN 66718"
459,50,Male,"79929 Edward Rapid
North George, WY 43759"
460,45,Male,"418 Daniel Stravenue
New Carlos, PW 58289"
461,21,Male,"38978 Campbell Fork Apt. 226
South James, PA 96338"
462,33,Male,"99241 Donna Stream Apt. 900
Port Marissaborough, DE 24580"
463,44,Male,"597 Benjamin Parkway
Lake Kevin, GU 17877"
464,26,Female,"8714 Murphy Station
Padillaside, NJ 20641"
465,40,Male,"7580 Edwards Road
Port Edwardton, PW 42682"
466,43,Female,"7853 Atkins Trafficway
Weeksport, IA 89730"
467,23,Female,"22107 Michelle Lakes
Sanfordport, TX 82646"
468,23,Female,"6256 Vance Springs
Lewisberg, TN 63559"
469,27,Female,"055 Michael Extensions Suite 910
Lake Johnberg, NE 29145"
470,54,Female,"49920 Daisy Groves
North Randy, VI 94626"
471,22,Male,"40007 Robles Forest Suite 203
Lake Paulachester, WI 56599"
472,30,Female,"277 Horton Forks
Port Rachel, IN 32951"
473,40,Male,"79191 Eduardo Neck
Ericport, MD 96294"
474,44,Female,"41723 Ashley Islands Suite 545
Jennyport, CT 44438"
475,41,Male,"8732 Martin Squares
East Michael, OR 16546"
476,48,Female,"3318 Wesley Underpass
Leebury, AR 33476"
477,54,Male,"484 Rhodes Crossing Apt. 639
New Jennifer, WY 65963"
478,34,Male,"16688 Tanner Roads Apt. 922
Bethanyhaven, DE 89491"
479,45,Female,"53360 Collins Club
East Tracey, LA 84009"
480,32,Female,"385 Robin Drives Suite 521
Lake Christianview, SD 54430"
481,28,Female,"6407 Charles Landing Suite 915
East Robertbury, MH 11851"
482,39,Female,"USCGC Lowe
FPO AA 34660"
483,50,Male,"1800 Anna Mountain Suite 325
Arielfurt, MP 48783"
484,56,Male,"59279 Emily Roads
North Eileenview, DC 72946"
485,33,Female,"0220 Wilkerson Lane Suite 620
Ericaborough, MN 18583"
486,44,Female,"0031 Michelle Ridge Apt. 192
East Adrianborough, WY 08871"
487,39,Female,"70013 Dean Square
Ericksonstad, NV 59646"
488,60,Male,"2836 Evans Walks
Burnettberg, AR 50340"
489,45,Male,"30950 Torres Springs Apt. 790
Annabury, MO 39513"
490,38,Male,"5693 Jackson Islands Apt. 238
Mooreborough, NM 76550"
491,21,Male,"2211 Jeffrey Port
South Anthony, VI 39387"
492,49,Female,"886 Hill Crescent
Stevenfurt, UT 64659"
493,27,Male,"96064 Williams Lane Suite 655
North Lisa, MP 19441"
494,33,Female,"USCGC Baker
FPO AE 67435"
495,25,Female,"13144 Joel Heights Suite 186
North Sandra, NY 51698"
496,43,Male,"67307 Williams Shore Suite 432
Adamberg, OR 81177"
497,38,Female,"70912 Butler Oval
Lake Stephanie, FL 79179"
498,58,Male,"USCGC White
FPO AE 75687"
499,21,Male,"PSC 4822, Box 7392
APO AA 19228"
500,31,Male,"292 Ronald Via
Johnsonton, NH 41686"
501,32,Male,"927 Zachary Expressway Suite 817
Jeremyport, TN 50814"
502,50,Male,"174 Jennifer Run Suite 837
West Kathleen, VA 96815"
503,44,Male,"Unit 3110 Box 4446
DPO AA 63675"
504,54,Male,"74799 Joanne Isle Apt. 301
South Randy, NV 86249"
505,54,Male,"885 Robert Ford
East Sheila, VI 09468"
506,48,Male,"61330 Jeff Plaza Suite 164
Mariaview, PR 20362"
507,48,Male,"982 Woods Lane
North Caitlinfort, NM 87743"
508,53,Female,"Unit 1198 Box 9382
DPO AE 74793"
509,59,Female,"2114 Fisher Corner
North Jordan, MD 28660"
510,34,Female,"490 Arnold Club
Weissside, TX 55443"
511,42,Female,"023 Jamie Port Apt. 674
Lake Veronica, FL 40223"
512,42,Male,"0447 Bradford Track Apt. 676
North Josetown, KS 61380"
513,54,Male,"07684 Tamara Lane
Edwardsville, HI 87003"
514,59,Female,"100 Kemp Hollow Apt. 424
Jeffersonfurt, NJ 22252"
515,43,Male,"807 Brian Knoll
Port Johnburgh, GU 07115"
516,29,Female,"392 Kristen Avenue
Port Ryan, MO 97060"
517,45,Female,"4521 Richards Inlet Apt. 009
Richardland, WV 09721"
518,33,Male,"82524 Jonathan Camp Apt. 173
Kimchester, KY 96270"
519,26,Female,"68478 Kathleen Flat
New Jennifer, RI 72281"
520,33,Female,"987 Ford Mountains Suite 576
North Rebeccafort, VI 60859"
521,56,Female,"PSC 0745, Box 8975
APO AP 63573"
522,55,Female,"82778 James Curve
Smithhaven, NM 23634"
523,38,Male,"08974 Hardin Rapid Suite 687
Lake Jonathanborough, NE 00816"
524,60,Female,"7518 Jeremy Plains
Andersonmouth, IA 20048"
525,58,Male,"29658 Davis Squares
Davidstad, DE 17839"
526,42,Male,"07974 Samuel Fall Suite 980
Lake Danielstad, ID 39737"
527,26,Male,"Unit 6472 Box 6344
DPO AE 89248"
528,49,Male,"0063 Stacey Plain
New Keith, AS 60545"
529,44,Female,"1833 Jennifer Tunnel Apt. 255
West Daleport, MH 56454"
530,32,Female,"9640 Patel Centers Apt. 915
Port Stephanie, SD 58427"
531,39,Male,"632 Collins Extension Apt. 092
Lopezburgh, MD 09020"
532,50,Male,"76862 Valenzuela Groves Suite 586
Josephland, KY 54087"
533,47,Male,"1974 Christina Loop
Donnaville, IA 76401"
534,50,Female,"175 Cindy Springs
Port Laura, CA 89562"
535,59,Male,"2432 Daniel Mountain
South Dakota, PW 25406"
536,38,Male,"64001 Bill Rue Apt. 371
Fisherbury, WV 01478"
537,35,Male,"57174 Jessica Crest Apt. 625
Colonland, TX 21063"
538,51,Male,"1960 Summer Bridge
North Katiefort, NY 88980"
539,56,Female,"1563 Cody Throughway Suite 345
North Stephanie, ME 80551"
540,30,Male,"838 Woodward Forges Apt. 053
West Shannonville, MI 20752"
541,53,Male,"9714 Day Square Apt. 772
Francoberg, MD 67758"
542,54,Male,"7284 Smith Inlet
Port Glenda, IA 16067"
543,34,Male,"81693 Barajas Plains Apt. 326
Lake Kaylamouth, IN 53783"
544,58,Male,"0976 Todd Spring Suite 969
East Phyllis, CO 31721"
545,30,Male,"9491 Fowler Coves Apt. 334
East Elizabeth, MH 28694"
546,58,Female,"USS Young
FPO AE 14895"
547,42,Male,"3898 Medina Field Apt. 193
East Eric, VA 33593"
548,55,Female,"24712 Sullivan Way Apt. 032
New Stephanie, WV 24875"
549,58,Female,"20256 Daniel Falls Apt. 561
East Robert, PR 94853"
550,37,Male,"983 Alvarez Estates Suite 017
Andrewside, NV 07355"
551,58,Male,"157 Wilson Passage Suite 108
Hannahmouth, OH 62975"
552,56,Female,"USS Rodriguez
FPO AE 03586"
553,56,Female,"81927 Berry Spur Suite 108
East David, IA 85001"
554,55,Female,"17137 Bryan Square
New Jordan, ND 99226"
555,27,Female,"73781 Mueller Crescent
Walkermouth, OK 17229"
556,58,Male,"48406 Clark Plains
Thomasberg, NC 43286"
557,33,Male,"0901 Flynn Crescent Apt. 157
Port Andrea, DE 99913"
558,60,Male,"158 Taylor Stream
North Carla, ID 33956"
559,55,Female,"0236 Taylor Mission Suite 467
Carterfurt, VA 71001"
560,37,Male,"94598 Tom Plaza Suite 805
West Chelseaview, PA 76722"
561,40,Female,"001 Tiffany Ports
Danastad, GU 37859"
562,42,Female,"913 Katelyn Circle Apt. 963
Susanmouth, VI 09529"
563,51,Male,"819 Anna Street
Bullockbury, FL 77975"
564,43,Female,"56513 Dalton Glen
Pollardton, PA 78237"
565,24,Female,"71917 Williams Grove
Lake Joseph, HI 89491"
566,56,Male,"USS Smith
FPO AP 59573"
567,48,Female,"009 Joseph Lakes
New Crystalmouth, ME 60088"
568,60,Male,"493 James Pike
North Nancyburgh, DC 06611"
569,21,Female,"7527 Mallory Extensions
East Steven, IL 99929"
570,31,Female,"2587 Michael Mews
Josephmouth, NC 65848"
571,35,Female,"48480 Ashley Village Suite 156
North Johnathanbury, KS 38358"
572,23,Male,"04582 Collins Skyway Suite 258
Joeview, HI 78251"
573,24,Male,"8823 Mcmillan Key Apt. 546
South Jessica, MO 81299"
574,55,Female,"07415 Hardy Glen
Kaitlynville, RI 91196"
575,38,Female,"40896 Cameron Garden Apt. 029
Gutierrezfort, FL 06872"
576,40,Female,"526 Dawson Stream Suite 951
Marilynshire, CA 76387"
577,52,Female,"526 Boyd Roads
Lake Alexanderville, LA 15628"
578,53,Female,"70922 Katherine Harbor
Andreaview, NY 94624"
579,45,Male,"15507 Shawn Groves Suite 677
East Christopher, NH 27516"
580,58,Female,"7504 Wade Pass Apt. 067
Port Robert, MT 15721"
581,28,Male,"4596 Theresa Loop
Kevinmouth, AL 59038"
582,32,Female,"582 Davis Lake Suite 671
South Mariaberg, OR 38769"
583,46,Male,"730 Powers Springs Apt. 719
Benjaminmouth, OH 14046"
584,38,Male,"9799 Ross Ridges
Landrystad, DE 02005"
585,25,Male,"173 Kelli Fork
Rosshaven, ME 84251"
586,20,Female,"2232 John Island
Port Elizabethport, MN 65400"
587,25,Female,"334 Lawrence Square
Angelafurt, NM 30144"
588,54,Female,"1695 Thornton Pass
Mossside, OK 77182"
589,34,Male,"55577 Brenda Ranch
Gregorymouth, HI 96497"
590,30,Male,"350 Brown Union
Karentown, NY 84493"
591,30,Male,"8649 Robinson Rue Apt. 181
New Emmaside, NV 98577"
592,45,Male,"Unit 9544 Box 8377
DPO AP 22090"
593,54,Female,"671 Roberts Expressway
South Andre, DC 25264"
594,60,Male,"11867 Rose Stravenue Apt. 253
Josephville, NC 83978"
595,51,Male,"5635 Brandy Streets
Judytown, PW 12896"
596,40,Female,"8696 Payne Plaza
New Cassandrafort, IA 63947"
597,58,Male,"USNS Wilkins
FPO AA 09185"
598,48,Male,"685 Kathleen Street
Meyerton, CA 53693"
599,45,Male,"956 Gabriella Flats Apt. 384
Kristenville, NV 56795"
600,36,Male,"536 Murphy Lights
Austinland, SD 80639"
601,33,Male,"6321 Long Station Apt. 735
Port Laurieberg, WA 70616"
602,60,Female,"PSC 6314, Box 4810
APO AP 09146"
603,37,Female,"517 Franco Prairie Suite 042
South Jacqueline, PW 20723"
604,47,Female,"65550 Salazar Walks
Jonesburgh, MS 18968"
605,40,Female,"64204 Bernard Parks
Wilsonberg, DC 39492"
606,34,Male,"7963 Aguilar Via Suite 432
Ashleyfort, CO 90593"
607,51,Female,"59759 Reid Causeway
South Joshua, VT 94869"
608,34,Female,"30590 Fleming Park Suite 030
West Jenniferland, MI 79434"
609,54,Male,"155 John Haven Apt. 605
West Mark, PR 62405"
610,42,Female,"1804 Keith Ramp Suite 117
North Scott, MS 88250"
611,41,Female,"572 Jordan Villages
Ricefort, MH 11636"
612,58,Male,"700 Donna Mission
Danielside, CO 03814"
613,48,Female,"3107 Phillips Circle
Greenberg, MT 30134"
614,53,Female,"6866 Adams Heights
South Katherine, DC 95886"
615,43,Female,"768 Nash Stream
North Cherylborough, CO 05922"
616,43,Female,"731 Benjamin Drive
West Geraldview, NJ 64980"
617,25,Female,"Unit 6997 Box 8161
DPO AA 25506"
618,26,Female,"63787 Madeline Garden Apt. 025
Port Heather, NH 01092"
619,24,Female,"382 Russell Stravenue Suite 682
East James, ND 89794"
620,29,Female,"71812 Dawson Plains
Mooreton, OR 42824"
621,28,Female,"6013 Juarez Canyon
Jacquelineport, ME 63137"
622,29,Male,"017 Logan Light
Brettbury, NC 13764"
623,39,Female,"712 Martin Loaf Apt. 629
Austinshire, MP 95107"
624,31,Female,"0513 Michael Causeway Apt. 726
Matthewton, PW 66473"
625,31,Female,"15735 Jenkins Centers
Lake Brianna, AS 68510"
626,26,Female,"47409 Austin Islands Apt. 348
West Daniellehaven, MA 09205"
627,40,Male,"58122 Dawn View Suite 663
Lake Jacob, RI 70567"
628,35,Female,"6058 Hughes Street Suite 190
Stacyville, HI 93002"
629,20,Female,"0168 Evelyn Haven Suite 225
Harveytown, CA 79339"
630,38,Female,"061 Gonzalez Brooks Suite 321
Jennifershire, ND 51426"
631,27,Female,"5224 Smith Spurs Suite 540
East Krystalville, NV 48958"
632,39,Male,"802 Scott Path
Lake Keith, SD 62330"
633,57,Male,"285 Olsen Glen Apt. 395
West Sonya, NY 86045"
634,41,Female,"7132 Teresa Pike Apt. 232
Timothyberg, HI 24582"
635,27,Male,"419 Gray Gateway Apt. 810
New Rachel, MS 30291"
636,38,Female,"6549 Ramirez Street Suite 643
East Gloria, ME 85156"
637,52,Female,"4755 Ho Spring
Mendozaview, TX 22731"
638,28,Male,"1860 Sheila Port Suite 014
Lake Christopher, AK 56725"
639,43,Female,"7319 Collin Knoll
Ericville, OK 17485"
640,54,Male,"609 Billy Ferry Suite 563
South Wanda, ME 40566"
641,35,Female,"899 Christopher Gateway Suite 730
Acostaberg, FL 15860"
642,52,Female,"421 Moore Crest Apt. 443
Myersmouth, VT 03029"
643,49,Female,"USNS Ritter
FPO AE 51605"
644,59,Female,"2897 Velasquez Ville
West Andrew, AZ 96169"
645,56,Male,"32326 Christopher Roads
Rangelside, WI 63496"
646,43,Female,"41958 Amanda Unions Suite 103
Lake Laurenchester, KS 67874"
647,32,Female,"7873 Sara Club
Port Randall, WV 70472"
648,41,Female,"61146 Patrick Crossing Suite 784
South Johnnyfurt, MO 02832"
649,52,Female,"0014 Jaime Trail
Lake Phyllisburgh, AS 64815"
650,32,Male,"353 Simpson Motorway
Gavinport, WV 24191"
651,33,Male,"98550 Wendy Wells
Murrayfurt, CA 38928"
652,21,Female,"PSC 7235, Box 4417
APO AP 23081"
653,30,Male,"82782 Brittney Extensions
West Bobby, GA 20105"
654,55,Male,"079 Hunt Brook Apt. 243
South Curtisside, VT 75892"
655,38,Male,"5682 Jeffrey Green
West Emilyside, NJ 24622"
656,36,Male,"1413 Anthony Lane
East Jason, VT 49990"
657,48,Male,"49518 Smith Stravenue Suite 970
Anthonyview, GA 40753"
658,32,Female,"216 Andrew Burgs Suite 365
Lake Robert, IL 13967"
659,60,Male,"19355 Jarvis Prairie Suite 703
Mcguiremouth, NC 28569"
660,37,Male,"1117 Henry Squares
Williamsfurt, GU 33694"
661,27,Male,"PSC 4647, Box 0051
APO AE 16744"
662,43,Male,"0725 Isabel Roads
Leefurt, ID 49133"
663,35,Female,"36044 Courtney Cape Suite 962
North Franciscofort, ID 34547"
664,23,Female,"0240 Alvarado Rapid
West Julieside, OH 22038"
665,60,Male,"388 Rodriguez Knoll
Bestmouth, VA 94536"
666,29,Female,"56016 Wolf Drive
South Randy, NC 49599"
667,43,Female,"595 Edwin Manor Suite 857
Suzanneside, MO 51954"
668,56,Male,"Unit 4507 Box 2759
DPO AE 03648"
669,20,Female,"0617 Perry Loaf Suite 916
Medinafurt, ID 34275"
670,58,Male,"15392 Wu Bypass
West Allen, GU 07363"
671,35,Female,"49159 Davenport Lane Suite 882
Jessicaborough, AZ 06080"
672,57,Female,"559 Bass Run
Port Elizabethmouth, GA 23059"
673,22,Female,"12621 Bailey Fall
Christopherborough, SC 35719"
674,35,Male,"PSC 4204, Box 7444
APO AP 72182"
675,32,Male,"4165 Nicole Place Suite 164
Rickhaven, CA 34315"
676,42,Female,"58199 Chambers Groves
Lake Meghanland, IA 16325"
677,54,Male,"PSC 8664, Box 4530
APO AA 01558"
678,36,Female,"665 Scott Plains
South Daniel, CT 12436"
679,57,Male,"9065 David Shoals Suite 340
Lewishaven, AR 78128"
680,37,Female,"4056 Farrell Plain Suite 670
Port Matthew, NY 16172"
681,56,Female,"5557 Snyder Flat
North Jacquelineburgh, ME 55450"
682,27,Male,"7263 Mark Keys Apt. 933
Williamstad, WV 84927"
683,32,Female,"10918 Miller Brook
Lake Helen, MT 32731"
684,54,Female,"58739 Stacey Islands
Kristaberg, NM 05105"
685,45,Male,"907 Jessica Branch Apt. 404
North Michael, FL 60170"
686,56,Female,"7948 Michelle Extension Suite 323
Megantown, AZ 93061"
687,24,Male,"87163 Collins Hills
Jenniferton, MS 35186"
688,43,Female,"Unit 0826 Box 4261
DPO AP 85077"
689,54,Female,"26435 Smith Heights Apt. 380
North Raymondbury, AL 51171"
690,40,Female,"5919 Kathryn Pass
Michaelberg, MN 00552"
691,28,Male,"5557 Aaron Circles
Wardborough, FL 04347"
692,37,Male,"Unit 6671 Box 5667
DPO AA 81106"
693,36,Female,"8687 Herrera Cape
Lanechester, ND 55647"
694,25,Female,"92022 Cruz Knolls Apt. 418
North Troyland, AS 07916"
695,35,Female,"02763 Heather Streets
South Karenbury, OH 77968"
696,21,Male,"9274 Underwood Locks Apt. 733
Lake Leah, MI 92880"
697,28,Male,"PSC 7974, Box 6010
APO AP 03993"
698,25,Female,"9243 Lisa Mountains
Jacksonport, UT 87396"
699,53,Female,"18493 Amanda Place Apt. 699
Kimberlybury, MI 59479"
700,41,Female,"USCGC Gray
FPO AP 15035"
701,30,Male,"394 Jackson Light Suite 279
Lopezland, CT 86396"
702,27,Female,"380 Shawn Estate Suite 318
South Lisa, MT 52296"
703,58,Female,"9211 Vasquez Land Suite 062
Cochranchester, MH 50186"
704,20,Male,"16729 John Mills Suite 996
North David, MH 06482"
705,43,Male,"34053 Morrow Junction Suite 671
Bruceport, DC 26286"
706,60,Female,"2775 Mcclain Ville Suite 302
West Travis, OK 57807"
707,52,Male,"87343 Todd Spur Suite 743
East Jessica, VT 90207"
708,41,Female,"8554 White Brooks Suite 262
Port Melissamouth, FM 60087"
709,56,Male,"6875 Jared Knolls Suite 435
Adamville, DC 62944"
710,41,Female,"5763 Elizabeth Port Apt. 654
Anthonystad, DC 94266"
711,22,Male,"PSC 9209, Box 4010
APO AP 22640"
712,31,Female,"509 Jason Branch Apt. 967
Markborough, NV 54383"
713,24,Female,"1238 Caldwell Park Suite 572
Lake Holly, FM 22127"
714,47,Female,"03559 Ashley Knoll Apt. 409
East Kelly, MT 11110"
715,38,Male,"95659 Julie Glen
West Willie, DC 12537"
716,37,Female,"606 Rodriguez Islands Apt. 107
Maryport, MS 51178"
717,55,Female,"USCGC Davis
FPO AE 77674"
718,27,Male,"PSC 1772, Box 9761
APO AA 40213"
719,42,Male,"9707 Laura Corners Apt. 523
East Michaelland, AR 90092"
720,33,Male,"1499 Thomas Pine
Lake Danielton, RI 47418"
721,43,Female,"776 Lee Expressway
New Taylor, GA 88355"
722,45,Female,"53476 Rodriguez Terrace Suite 903
East Dean, IL 29798"
723,52,Female,"258 Jones View
West Michaelshire, OR 22484"
724,51,Female,"23843 Jones Knoll Suite 325
Stacychester, MP 90953"
725,56,Male,"9612 Dylan Parks
North Edwardstad, NE 26330"
726,37,Male,"Unit 4921 Box 7648
DPO AE 60892"
727,31,Male,"7422 Rocha Fords Apt. 708
Paulshire, AR 70744"
728,59,Male,"7091 Ralph Hills
East Joseph, KS 11583"
729,58,Male,"34750 Heather Streets
New Donna, NH 70140"
730,52,Male,"914 Suzanne Mall
South Alexandrahaven, IN 62533"
731,42,Male,"725 William Drive Apt. 494
South Kathy, DC 63076"
732,46,Female,"79138 Leach Corners
New Wesleyport, CT 23068"
733,22,Male,"749 Ashley Light Suite 486
Port Brittanyfort, WI 73684"
734,46,Male,"655 Jones Spur
Port Rebeccamouth, MI 24776"
735,51,Female,"38635 Campbell Estate Suite 024
West Dustinburgh, RI 33823"
736,27,Female,"7622 Nicole Summit Suite 223
Reneeville, DE 64866"
737,59,Female,"Unit 5550 Box 0589
DPO AP 78382"
738,54,Female,"646 Jackson Summit
West Tiffany, MI 50377"
739,40,Female,"PSC 8025, Box 0352
APO AP 38987"
740,27,Female,"413 Moore Mountains Suite 613
New Brittanyfort, KS 59760"
741,24,Male,"64278 Harrington Crossroad
South Benjaminborough, OK 39484"
742,26,Female,"02672 Emma Landing
Millerland, FL 94720"
743,56,Male,"91402 Luna Circle Apt. 364
New Andrewland, MA 41529"
744,41,Male,"01986 Stephanie Ports
Lake Troytown, AS 16083"
745,31,Male,"420 Sara Stravenue Suite 827
Taylorborough, SC 54420"
746,20,Female,"15629 Clark Pines Apt. 732
Samanthafort, DE 50374"
747,56,Male,"02466 Levy Point
North Mariaberg, MS 51193"
748,49,Male,"6776 Tammy Centers Suite 549
Jenniferside, IA 63898"
749,43,Male,"6870 Gordon Lakes
Cindyburgh, GU 73521"
750,46,Male,"879 Kevin Village
North Carlosstad, IA 42484"
751,38,Female,"715 Smith Well
Martinfort, FM 55595"
752,38,Male,"71926 Duran Divide Apt. 463
South Patrick, MS 28890"
753,27,Male,"79936 Lloyd Cliffs Suite 419
Port Lisastad, KY 45071"
754,48,Male,"5422 Garcia Parks Suite 878
Scotthaven, NH 40166"
755,30,Female,"7885 Matthew Burg
North Taraton, MP 13894"
756,23,Male,"69836 David Passage Apt. 930
Thompsonchester, MI 89163"
757,20,Male,"340 Marshall Manor
Petersontown, AS 18406"
758,49,Female,"329 Fitzgerald Harbors Apt. 193
West Abigailton, AR 61788"
759,34,Male,"99434 Brittany Extension Suite 582
West Dennis, WV 40329"
760,54,Male,"992 Debra Dam Apt. 686
South Johnny, IA 51136"
761,22,Female,"USNS Peterson
FPO AE 87497"
762,55,Female,"4322 Pamela Pines Suite 768
North Edwardmouth, CO 00890"
763,24,Female,"970 Miller Lakes Suite 350
South Tamara, MN 83920"
764,59,Female,"50210 Lawrence Bypass Apt. 987
Shannonfort, AL 05049"
765,42,Female,"70120 Gary Course Suite 765
Troyville, FL 08778"
766,38,Female,"0831 Thomas Gardens
Debbiechester, KY 58840"
767,41,Male,"USS Novak
FPO AE 88303"
768,25,Female,"802 Bullock Mount Suite 483
Coleshire, AZ 31287"
769,55,Female,"292 Allen Squares
Fordmouth, NM 97920"
770,46,Male,"1969 Murphy Valley Suite 714
East Jennaview, NC 32925"
771,24,Male,"3915 Ramsey Islands Apt. 606
Juliebury, IN 71549"
772,44,Male,"7591 Carla Camp
Charlesfurt, ME 18951"
773,30,Male,"81617 Campbell Lights Apt. 677
North Edward, LA 80304"
774,55,Male,"02423 Esparza Camp Apt. 862
Wuchester, NC 55836"
775,30,Female,"Unit 6721 Box 4925
DPO AA 95196"
776,58,Female,"7211 Walker Prairie
Lake Erin, GA 76381"
777,45,Female,"97340 Michael Turnpike
South Michaelhaven, TN 50999"
778,20,Female,"568 Robinson Station Suite 090
East Joseph, PW 43897"
779,32,Female,"56622 Sandra Divide
Ericland, WV 61798"
780,57,Female,"89802 Davies Views
Port Michael, AR 34610"
781,32,Male,"0539 Lee Ridge Apt. 419
Michaelburgh, HI 97096"
782,32,Male,"3759 Hahn Camp Suite 780
Madisonview, WI 26216"
783,42,Male,"2519 Sandra Isle Suite 999
South Williamberg, GA 90452"
784,37,Female,"USCGC Briggs
FPO AE 65037"
785,32,Female,"658 Kevin Rest Apt. 537
Juliaberg, DC 95192"
786,42,Female,"63017 Rachel Valley Apt. 312
Careyton, IN 96456"
787,44,Male,"0502 Gilbert Lodge
South Dawnberg, OH 30290"
788,35,Male,"4978 Samuel Run
Hatfieldstad, KS 71702"
789,54,Female,"5105 Melissa Mountains
Danielsburgh, VI 88280"
790,28,Male,"2507 Marissa Mall
Port Andrewchester, NH 01586"
791,46,Male,"477 Scott Ford Suite 408
Kimberlymouth, VA 82797"
792,58,Male,"24354 Marvin Lights
Lake Ryan, ME 89239"
793,26,Male,"0041 David Shore Apt. 639
North Johnstad, WI 35986"
794,55,Male,"0465 Daniel Cliffs Suite 429
Port Lisaport, FL 74786"
795,59,Female,"USNV Ayala
FPO AA 10533"
796,38,Male,"8992 Mitchell Crest Apt. 575
Chelseaborough, MS 84515"
797,45,Male,"69096 Rice Parkways
Antoniofort, MP 29912"
798,49,Male,"9167 Beth Port
South Alejandro, MD 48009"
799,53,Female,"3283 Freeman Points Apt. 177
Craigton, AS 26778"
800,33,Male,"1664 Nichols Motorway
Millerland, NH 29682"
801,29,Male,"70382 Brooks Lake Suite 924
Timothyville, AZ 46664"
802,21,Female,"50510 Valencia Route
New George, NY 11284"
803,39,Female,"475 Angela Islands Apt. 911
Port Richardside, WA 74711"
804,58,Male,"PSC 2356, Box 8528
APO AA 87929"
805,56,Female,"PSC 2521, Box 0606
APO AA 82461"
806,33,Female,"36671 Tammy Village Suite 060
Martinezhaven, MH 01958"
807,55,Male,"854 Walker Loop Apt. 882
Sarahtown, ME 62242"
808,27,Female,"Unit 0847 Box 2164
DPO AE 93194"
809,36,Male,"53541 Michelle Drive
Catherineview, CO 08129"
810,27,Female,"8626 Koch Shoal Apt. 474
Francisport, ME 74501"
811,53,Male,"Unit 8620 Box 1939
DPO AA 47357"
812,27,Female,"908 Peter Mews Suite 665
Lake Matthew, CO 88847"
813,22,Male,"74103 Stephanie Parkways
Hallville, NC 69356"
814,48,Female,"4371 Taylor Lakes
Port Gregoryshire, CT 86028"
815,35,Female,"2832 Eduardo Village Apt. 467
Meganmouth, GU 44307"
816,55,Male,"044 Luis Drive Suite 399
Lake Sean, MI 95491"
817,49,Male,"1505 Nicholas Rest
Lake Seanburgh, FL 57225"
818,43,Female,"155 Carmen Union Suite 502
Thompsonside, IL 95814"
819,33,Male,"588 Heather Falls Suite 794
Bellhaven, MH 45216"
820,36,Male,"01574 Elizabeth Fork Apt. 835
South Alexandratown, PW 66501"
821,29,Female,"0986 Douglas Point
Tiffanymouth, KY 57143"
822,48,Female,"USCGC Moore
FPO AA 99282"
823,28,Female,"4479 Vega Gateway
West David, OH 27751"
824,28,Female,"979 Gonzalez Dam Apt. 309
New Brandonview, SC 54884"
825,34,Male,"70273 Scott Port
Jaredberg, AL 36953"
826,26,Female,"9871 Williams Turnpike
West Josephborough, TN 71105"
827,35,Female,"149 Douglas Light
New Jose, OH 37124"
828,30,Female,"18732 Garcia Knolls Suite 463
Port Michael, ID 15283"
829,43,Female,"8099 Chambers Ridge
Terristad, TX 68268"
830,20,Female,"36590 Garza Manors
Lake David, ID 18349"
831,53,Female,"5968 Patrick Rue
South Loriton, ND 34383"
832,23,Female,"541 Solis Common Suite 974
New Elizabethhaven, LA 58655"
833,34,Male,"2474 Oconnor Plaza
Davidstad, HI 92051"
834,24,Female,"23733 Mcdaniel Meadow Apt. 895
Pattonton, LA 35684"
835,59,Male,"3949 Martinez View Apt. 067
Brandyville, ND 32041"
836,57,Male,"9877 Ferguson Prairie Apt. 550
North Alejandro, LA 03263"
837,40,Female,"49870 Dixon Forest Apt. 155
Gonzalezfurt, AZ 49338"
838,31,Female,"USS Buchanan
FPO AP 51146"
839,52,Male,"3121 Nancy Cape Apt. 867
Jamesport, MI 41730"
840,43,Female,"053 Wallace Route
New Tabitha, AZ 28276"
841,23,Female,"112 Jose Roads
South Jeannemouth, HI 11549"
842,39,Female,"11380 Cooley Isle
New Todd, IA 09361"
843,27,Female,"021 Toni Trail
Gillespieberg, VA 22668"
844,53,Female,"284 Joe Island
Contrerasview, MD 84371"
845,27,Male,"Unit 4099 Box 7413
DPO AE 42730"
846,40,Female,"1369 Frank Corner Apt. 486
Shortport, NM 30632"
847,30,Female,"506 Joshua Road Apt. 141
Lake Reneeland, MI 12266"
848,38,Male,"8058 Samantha Meadows
North Danielview, ME 75425"
849,55,Female,"91406 Tina Mission
New Christopherside, VI 14208"
850,54,Male,"673 Rivera Canyon
West Kristin, AK 10816"
851,28,Male,"242 Aaron Bridge Apt. 315
Whitneystad, FL 80432"
852,23,Female,"72987 Anthony Island Apt. 754
Lewisstad, OH 88676"
853,59,Male,"4553 Amanda Field
Courtneyton, DE 76120"
854,58,Male,"14952 Wright Crossroad
North Justinshire, ME 48294"
855,55,Male,"40700 Eric Village Suite 756
Welchburgh, AL 41792"
856,53,Female,"89338 Turner Gateway Apt. 731
Lake Stephanie, AZ 63080"
857,27,Male,"2276 Ward Stream Apt. 864
New Omarmouth, PR 26125"
858,59,Male,"39250 Decker Cape Suite 364
Bellport, AL 88426"
859,31,Female,"6064 Watkins Turnpike
Lake Michaelchester, DE 47272"
860,26,Female,"9147 Karen Vista
Kristenborough, ME 85776"
861,59,Male,"459 Russell Fall Suite 791
Frankville, PA 46702"
862,25,Female,"807 Ellis Rapids
Lynchfort, OH 21940"
863,34,Male,"33059 Charles Flats
North Nicolefurt, IN 02475"
864,33,Male,"784 Christina Parkways Apt. 540
Christianborough, IA 60697"
865,27,Female,"100 Robles Mews
Port Bradley, IA 45523"
866,56,Male,"26841 Crystal Gardens Apt. 739
East Matthew, AK 02894"
867,39,Male,"7375 Arias Ford
Johnsonmouth, SD 80562"
868,25,Female,"301 Shannon Keys
Port Markshire, IN 75528"
869,53,Male,"626 Gabrielle Wells Apt. 445
Port Jeanettefort, MT 68746"
870,43,Female,"794 Cummings Green Suite 943
Mollyside, MI 31978"
871,34,Female,"2991 Finley Ville Suite 430
South Dustinburgh, PW 52728"
872,47,Male,"743 Francis Pines
Lake Michaela, PW 26344"
873,40,Male,"37972 Cole Passage Suite 701
Clinefurt, AS 38488"
874,27,Female,"8972 Bishop Corners
West Mark, NY 84029"
875,40,Male,"5173 Miller Burg
Woodsmouth, PA 81133"
876,45,Female,"495 Snyder Prairie
Port Whitneyfurt, MD 96565"
877,29,Male,"4054 April Highway
South Jeremystad, MI 77937"
878,46,Male,"6515 Cindy Falls
Williamland, AK 12162"
879,30,Female,"826 Durham Curve
Parkerfurt, RI 07013"
880,42,Male,"42818 Armstrong Shoals Suite 951
Petersenfurt, DC 09647"
881,50,Female,"Unit 2071 Box 0418
DPO AP 15680"
882,51,Female,"38099 Jake Rapid
Williamfort, KY 85156"
883,37,Male,"420 Maria Track Suite 268
Georgemouth, GU 20148"
884,58,Female,"3303 Steven Mission
West Lynnshire, CA 90665"
885,31,Female,"8748 Kim Mountains
South Daniel, CT 72458"
886,45,Male,"871 Melissa Ville
Richardsside, IN 20096"
887,52,Male,"9552 David Springs Suite 518
Greertown, KS 96624"
888,50,Male,"84574 Wood Trail Apt. 363
Whiteside, NM 22970"
889,24,Male,"081 Robert Oval Apt. 186
West Rhondaburgh, VT 28967"
890,29,Female,"091 Tina Mill Suite 965
Lauraton, OK 53438"
891,37,Female,"18581 Hubbard Drive
Mariaport, NV 95511"
892,57,Female,"PSC 6667, Box 0282
APO AE 55136"
893,52,Male,"58735 Ferguson Via Apt. 616
Williamside, SC 12335"
894,22,Male,"29153 Jeff Course
Lake Kirsten, NH 80363"
895,25,Male,"2669 Noah Camp Apt. 017
South Danielchester, VA 44649"
896,50,Male,"Unit 7774 Box 8600
DPO AA 69009"
897,22,Male,"2660 Joshua Parkways Apt. 903
Port Justin, LA 86690"
898,48,Female,"352 Connor Avenue
Port Shane, HI 22991"
899,45,Male,"224 Richardson Unions
Tiffanyside, MD 12559"
900,36,Male,"1340 Stephanie Falls
Port Kelseyhaven, AR 44268"
901,41,Female,"5637 Odonnell Underpass
New Keithville, NE 65985"
902,37,Male,"171 Robinson Mountains
Harpershire, AS 88642"
903,58,Female,"119 Stevenson Viaduct
Donaldfort, CO 31195"
904,43,Male,"PSC 4269, Box 1818
APO AP 01752"
905,52,Male,"299 Marcus Center Apt. 609
Jacobtown, ME 46646"
906,35,Female,"78801 Mary Square Suite 458
Lake Sarahmouth, KS 91162"
907,59,Male,"2840 Vasquez Mission
North John, MA 24447"
908,41,Male,"3075 Brandy Throughway
Arielland, MS 53234"
909,37,Female,"059 Carroll Lakes
Port Seth, IN 74372"
910,50,Female,"52493 Jacob Burg Apt. 126
Hollandton, KY 27623"
911,50,Female,"13130 Elizabeth Creek Apt. 687
Wyattland, GU 95904"
912,27,Male,"788 Paul Manors Suite 767
Willieport, VT 92865"
913,39,Female,"3026 Matthew Expressway
Jefferyborough, PR 07546"
914,34,Male,"659 Elizabeth Springs
Joanfort, MT 92550"
915,45,Male,"205 Joe Common
Port Joanneburgh, NJ 19178"
916,40,Male,"0484 Amy Estates Suite 664
Normanbury, MP 04658"
917,55,Male,"543 Linda Cove
Lake Raymond, WV 59868"
918,55,Male,"248 Shannon Spring Apt. 676
West Victoria, DE 33404"
919,57,Female,"803 Thompson Green Apt. 809
Banksstad, OR 42295"
920,57,Male,"9745 Blake Crossroad
New Amber, DE 26483"
921,51,Female,"356 White Plain
Turnertown, FL 72057"
922,50,Female,"91223 Brian Trafficway Apt. 730
Boltonport, MA 65622"
923,39,Female,"USNV Jenkins
FPO AE 28999"
924,42,Female,"5893 Garcia Inlet
North Michelemouth, PR 87382"
925,46,Male,"94113 Christine Manor Suite 548
North Thomasbury, UT 01808"
926,57,Male,"Unit 0787 Box 8317
DPO AE 16168"
927,51,Male,"783 Vincent Flats Apt. 199
North Shawnastad, IL 29447"
928,51,Male,"986 Nichols Canyon
New Jaredville, VI 17983"
929,55,Male,"98836 Melissa Underpass
West Kristinside, MT 46265"
930,49,Male,"10955 Christopher Glen Suite 709
Lake Michaelmouth, CA 22649"
931,20,Male,"PSC 2776, Box 6141
APO AP 61887"
932,20,Female,"6508 Hernandez Plain
West Ann, AR 25284"
933,29,Female,"48700 Gerald Crest Suite 024
Ashleyport, NM 09801"
934,32,Female,"PSC 4914, Box 8118
APO AA 87368"
935,60,Male,"536 Shaw Mission
Millerton, NH 51229"
936,41,Female,"2737 Brent Alley Suite 377
Lewisville, MT 92179"
937,38,Male,"0303 Patricia Overpass
North Natashaville, AK 39544"
938,37,Male,"PSC 2729, Box 3380
APO AA 51720"
939,35,Female,"Unit 3451 Box 0255
DPO AP 63487"
940,59,Male,"084 Christopher Cliff Apt. 043
North Tina, GA 22318"
941,54,Female,"7748 Richard Valleys Suite 121
Reginaldtown, AL 23817"
942,33,Female,"637 Miller Inlet
Parkermouth, MH 14705"
943,44,Male,"USNS Pearson
FPO AE 19768"
944,22,Female,"339 Mccann Spur
Michealfurt, MN 94361"
945,44,Female,"9897 Carol Street
Port Tiffany, IL 49329"
946,46,Female,"31911 Wilson Bridge
Port Eric, VI 09434"
947,57,Female,"564 Nicholas Mountain
West Melissa, AL 98934"
948,51,Male,"8667 Zimmerman Curve Suite 440
Carrillohaven, PW 38727"
949,44,Male,"85847 Hopkins Causeway
Gonzalezside, WI 39694"
950,53,Male,"6037 Stefanie Pike
Larryside, MI 53952"
951,53,Female,"63878 Jessica Route
Jennifermouth, ME 35066"
952,52,Female,"9156 Giles Roads Suite 933
Port Jason, MD 36406"
953,24,Female,"8696 Wyatt Coves Suite 360
New Patricialand, UT 41395"
954,34,Female,"43122 Sherry View Apt. 933
North Sarabury, VA 89394"
955,37,Female,"2190 Melissa Crossroad Apt. 806
North Thomas, AS 56672"
956,46,Male,"6997 Lawrence Park
Edwardsland, OK 44257"
957,50,Male,"01433 Jimenez Lodge Apt. 960
Sandraton, NE 29994"
958,41,Male,"7065 Smith Forks Apt. 262
Lake Jameshaven, KY 61411"
959,59,Male,"721 Brandy Lodge Apt. 792
Lynnburgh, RI 72047"
960,26,Female,"077 Lee Plains
South Kiara, HI 32324"
961,25,Female,"910 Sullivan Stream
Barrberg, NJ 40961"
962,24,Female,"USNS Watson
FPO AE 48755"
963,20,Male,"2172 Gilbert Unions Suite 881
Catherinemouth, AL 73306"
964,29,Female,"8753 Rose Mall Apt. 959
Jasonton, DE 12326"
965,21,Male,"17247 Joseph Camp
West Kellyberg, NH 34250"
966,39,Female,"5042 Tracey Field Suite 618
Kimberlystad, MT 03982"
967,34,Male,"965 Joseph Parks
West John, FL 27459"
968,45,Male,"PSC 5148, Box 5959
APO AE 53195"
969,22,Male,"729 Joseph Freeway Apt. 738
Lorichester, ID 01925"
970,23,Male,"516 Stuart Turnpike
Kendrafurt, ID 71164"
971,23,Female,"7427 Ford Highway Apt. 743
North Brittanyberg, VT 32182"
972,25,Male,"PSC 8918, Box 8620
APO AA 62904"
973,25,Female,"09981 Glover Estate Suite 064
Port Karen, CT 84031"
974,51,Female,"0329 Christina Square Suite 350
South Tracey, ME 53915"
975,58,Female,"05840 Louis Keys
West William, MA 05402"
976,51,Female,"685 Martinez Cove Apt. 353
Lisaville, NC 62491"
977,28,Male,"49745 Valerie Mountain Suite 038
New Julieberg, AZ 35493"
978,34,Male,"5410 Yesenia Forges Apt. 865
Holmesland, DE 90618"
979,36,Female,"5200 Ariel Crossing Suite 708
South Rachel, AS 43021"
980,59,Male,"60226 William Pines Apt. 489
New Jasmine, MH 22462"
981,28,Female,"62739 Krystal Pine Suite 387
Powersland, MO 49478"
982,53,Male,"646 Daniel Street
Lake Charles, DC 57343"
983,36,Male,"911 James Overpass Apt. 098
Lake Bethbury, AK 54738"
984,34,Male,"62745 Hernandez Spring
Port Jamesville, WA 72385"
985,29,Female,"95165 Robinson Field Apt. 568
Cameronberg, OK 58832"
986,36,Female,"Unit 0241 Box 3004
DPO AE 89132"
987,55,Male,"6117 Amanda Hills Apt. 575
Luisbury, IA 97405"
988,36,Male,"740 Matthew Vista Apt. 862
East Teresa, AS 83689"
989,31,Female,"831 Alvarez Cove
Patrickland, FM 33868"
990,32,Female,"27851 Christopher Road
South Breanna, NC 37160"
991,60,Male,"593 Edwards Groves
Ginaside, VI 01030"
992,57,Female,"USNV Ramirez
FPO AE 21405"
993,26,Male,"40218 Williams Neck
North Josephhaven, CA 16872"
994,57,Female,"Unit 5740 Box 2688
DPO AP 35675"
995,56,Male,"PSC 7634, Box 1073
APO AP 97992"
996,39,Male,"8909 Barr Roads
Michaelhaven, DC 54773"
997,41,Female,"572 Melissa Row
Carrborough, NJ 29783"
998,50,Female,"16484 Melissa Groves
South Tylerland, LA 94922"
999,59,Male,"00531 Rosales Summit Suite 253
West Jamesfort, MO 44784"
1000,23,Female,"682 Rebecca Manor Apt. 151
North Ashley, NM 02279"
